run_ts,provider,query_class,query,attempt,latency_ms,http_status,success,n_organic,fields_complete_pct,error
2026-09-12T22:37:43+00:00,searchapi,navigational,apple inc,1,6641.7,200,True,8,100.0,
2026-09-12T22:37:45+00:00,searchapi,navigational,apple inc,2,1985.0,200,True,8,100.0,
2026-09-12T22:37:48+00:00,searchapi,navigational,github,1,2345.3,200,True,5,100.0,
2026-09-12T22:37:53+00:00,searchapi,navigational,github,2,5348.9,200,True,5,100.0,
2026-09-12T22:37:57+00:00,searchapi,navigational,minnesota department of health,1,3194.6,200,True,7,100.0,
2026-09-12T22:38:02+00:00,searchapi,navigational,minnesota department of health,2,5481.6,200,True,7,100.0,
2026-09-12T22:38:06+00:00,searchapi,navigational,smashing magazine,1,3300.0,200,True,9,100.0,
2026-09-12T22:38:13+00:00,searchapi,navigational,smashing magazine,2,6928.2,200,True,8,100.0,
2026-09-12T22:38:15+00:00,searchapi,informational_short,weather minneapolis,1,1531.3,200,True,9,100.0,
2026-09-12T22:38:17+00:00,searchapi,informational_short,weather minneapolis,2,2118.9,200,True,10,100.0,
2026-09-12T22:38:32+00:00,searchapi,informational_short,how tall is everest,1,14594.5,200,True,6,100.0,
2026-09-12T22:38:34+00:00,searchapi,informational_short,how tall is everest,2,2372.9,200,True,7,100.0,
2026-09-12T22:38:40+00:00,searchapi,informational_short,python string split,1,5626.3,200,True,8,100.0,
2026-09-12T22:38:42+00:00,searchapi,informational_short,python string split,2,1262.3,200,True,8,100.0,
2026-09-12T22:38:46+00:00,searchapi,informational_short,what time is it in japan,1,4136.8,200,True,10,100.0,
2026-09-12T22:38:50+00:00,searchapi,informational_short,what time is it in japan,2,3970.1,200,True,10,100.0,
2026-09-12T22:38:53+00:00,searchapi,local,coffee shop 55401,1,2092.1,200,True,8,100.0,
2026-09-12T22:38:55+00:00,searchapi,local,coffee shop 55401,2,2495.4,200,True,8,100.0,
2026-09-12T22:39:00+00:00,searchapi,local,hardware store near me,1,4935.1,200,True,9,100.0,
2026-09-12T22:39:08+00:00,searchapi,local,hardware store near me,2,8022.9,200,True,9,100.0,
2026-09-12T22:39:31+00:00,searchapi,local,plumber 55404,1,22655.2,200,True,9,100.0,
2026-09-12T22:39:34+00:00,searchapi,local,plumber 55404,2,2872.4,200,True,9,100.0,
2026-09-12T22:39:37+00:00,searchapi,local,minneapolis tattoo shops,1,2188.5,200,True,8,100.0,
2026-09-12T22:39:39+00:00,searchapi,local,minneapolis tattoo shops,2,2328.0,200,True,8,100.0,
2026-09-12T22:39:43+00:00,searchapi,longtail_question,can you file taxes late without a penalty,1,2854.1,200,True,7,100.0,
2026-09-12T22:39:47+00:00,searchapi,longtail_question,can you file taxes late without a penalty,2,4009.6,200,True,7,100.0,
2026-09-12T22:39:53+00:00,searchapi,longtail_question,how long does a bank transfer take,1,6125.5,200,True,9,100.0,
2026-09-12T22:39:55+00:00,searchapi,longtail_question,how long does a bank transfer take,2,1981.0,200,True,8,100.0,
2026-09-12T22:39:59+00:00,searchapi,longtail_question,why is my mac fan so loud,1,3050.6,200,True,8,100.0,
2026-09-12T22:40:03+00:00,searchapi,longtail_question,why is my mac fan so loud,2,4150.8,200,True,8,100.0,
2026-09-12T22:40:10+00:00,searchapi,longtail_question,does cold weather kill car batteries,1,6504.2,200,True,8,100.0,
2026-09-12T22:40:12+00:00,searchapi,longtail_question,does cold weather kill car batteries,2,1941.9,200,True,8,100.0,
2026-09-12T22:40:24+00:00,searchapi,shopping,best noise cancelling headphones under 200,1,11891.4,200,True,7,100.0,
2026-09-12T22:40:31+00:00,searchapi,shopping,best noise cancelling headphones under 200,2,7340.1,200,True,7,100.0,
2026-09-12T22:40:41+00:00,searchapi,shopping,standing desk under 400,1,8890.2,200,True,8,100.0,
2026-09-12T22:40:44+00:00,searchapi,shopping,standing desk under 400,2,3175.3,200,True,8,100.0,
2026-09-12T22:40:53+00:00,searchapi,shopping,best running shoes for flat feet,1,8604.0,200,True,9,100.0,
2026-09-12T22:40:55+00:00,searchapi,shopping,best running shoes for flat feet,2,2779.7,200,True,9,100.0,
2026-09-12T22:41:05+00:00,searchapi,shopping,macbook air m3 price,1,8927.8,200,True,8,100.0,
2026-09-12T22:41:08+00:00,searchapi,shopping,macbook air m3 price,2,2892.4,200,True,8,100.0,
2026-09-12T22:41:08+00:00,serpapi,navigational,apple inc,1,88.7,200,True,8,100.0,
2026-09-12T22:41:08+00:00,serpapi,navigational,apple inc,2,59.1,200,True,8,100.0,
2026-09-12T22:41:09+00:00,serpapi,navigational,github,1,64.2,200,False,4,100.0,
2026-09-12T22:41:09+00:00,serpapi,navigational,github,2,55.9,200,False,4,100.0,
2026-09-12T22:41:09+00:00,serpapi,navigational,minnesota department of health,1,67.8,200,True,7,100.0,
2026-09-12T22:41:09+00:00,serpapi,navigational,minnesota department of health,2,58.9,200,True,7,100.0,
2026-09-12T22:41:10+00:00,serpapi,navigational,smashing magazine,1,62.5,200,True,9,100.0,
2026-09-12T22:41:10+00:00,serpapi,navigational,smashing magazine,2,61.5,200,True,9,100.0,
2026-09-12T22:41:10+00:00,serpapi,informational_short,weather minneapolis,1,118.4,200,True,9,100.0,
2026-09-12T22:41:11+00:00,serpapi,informational_short,weather minneapolis,2,135.3,200,True,9,100.0,
2026-09-12T22:41:11+00:00,serpapi,informational_short,how tall is everest,1,82.8,200,True,6,100.0,
2026-09-12T22:41:11+00:00,serpapi,informational_short,how tall is everest,2,112.2,200,True,6,100.0,
2026-09-12T22:41:12+00:00,serpapi,informational_short,python string split,1,58.5,200,True,8,100.0,
2026-09-12T22:41:12+00:00,serpapi,informational_short,python string split,2,56.9,200,True,8,100.0,
2026-09-12T22:41:12+00:00,serpapi,informational_short,what time is it in japan,1,59.3,200,True,10,100.0,
2026-09-12T22:41:12+00:00,serpapi,informational_short,what time is it in japan,2,55.4,200,True,10,100.0,
2026-09-12T22:41:13+00:00,serpapi,local,coffee shop 55401,1,52.6,200,True,9,100.0,
2026-09-12T22:41:13+00:00,serpapi,local,coffee shop 55401,2,59.8,200,True,9,100.0,
2026-09-12T22:41:13+00:00,serpapi,local,hardware store near me,1,58.9,200,True,9,100.0,
2026-09-12T22:41:13+00:00,serpapi,local,hardware store near me,2,46.1,200,True,9,100.0,
2026-09-12T22:41:39+00:00,serpapi,local,plumber 55404,1,25253.6,200,True,9,100.0,
2026-09-12T22:41:39+00:00,serpapi,local,plumber 55404,2,66.1,200,True,9,100.0,
2026-09-12T22:41:41+00:00,serpapi,local,minneapolis tattoo shops,1,1732.1,200,True,8,100.0,
2026-09-12T22:41:41+00:00,serpapi,local,minneapolis tattoo shops,2,72.4,200,True,8,100.0,
2026-09-12T22:42:12+00:00,serpapi,longtail_question,can you file taxes late without a penalty,1,30037.8,0,False,0,0.0,HTTP 0: The read operation timed out
2026-09-12T22:42:42+00:00,serpapi,longtail_question,can you file taxes late without a penalty,2,30048.8,0,False,0,0.0,HTTP 0: The read operation timed out
2026-09-12T22:42:45+00:00,serpapi,longtail_question,how long does a bank transfer take,1,3237.8,200,True,8,100.0,
2026-09-12T22:42:45+00:00,serpapi,longtail_question,how long does a bank transfer take,2,65.7,200,True,8,100.0,
2026-09-12T22:43:04+00:00,serpapi,longtail_question,why is my mac fan so loud,1,18160.1,200,True,8,100.0,
2026-09-12T22:43:04+00:00,serpapi,longtail_question,why is my mac fan so loud,2,62.4,200,True,8,100.0,
2026-09-12T22:43:09+00:00,serpapi,longtail_question,does cold weather kill car batteries,1,4643.3,200,True,8,100.0,
2026-09-12T22:43:09+00:00,serpapi,longtail_question,does cold weather kill car batteries,2,56.2,200,True,8,100.0,
2026-09-12T22:43:13+00:00,serpapi,shopping,best noise cancelling headphones under 200,1,3702.9,200,True,8,100.0,
2026-09-12T22:43:13+00:00,serpapi,shopping,best noise cancelling headphones under 200,2,64.3,200,True,8,100.0,
2026-09-12T22:43:21+00:00,serpapi,shopping,standing desk under 400,1,7696.8,200,True,8,100.0,
2026-09-12T22:43:22+00:00,serpapi,shopping,standing desk under 400,2,59.8,200,True,8,100.0,
2026-09-12T22:43:28+00:00,serpapi,shopping,best running shoes for flat feet,1,5879.2,200,True,9,100.0,
2026-09-12T22:43:28+00:00,serpapi,shopping,best running shoes for flat feet,2,65.2,200,True,9,100.0,
2026-09-12T22:43:42+00:00,serpapi,shopping,macbook air m3 price,1,14049.3,200,True,8,100.0,
2026-09-12T22:43:42+00:00,serpapi,shopping,macbook air m3 price,2,76.3,200,True,8,100.0,
2026-09-12T22:43:45+00:00,zenserp,navigational,apple inc,1,2012.3,500,False,0,0.0,HTTP 500: HTTP Error 500: Internal Server Error
2026-09-12T22:43:48+00:00,zenserp,navigational,apple inc,2,3040.9,200,True,8,100.0,
2026-09-12T22:43:50+00:00,zenserp,navigational,github,1,1975.6,200,True,6,100.0,
2026-09-12T22:43:54+00:00,zenserp,navigational,github,2,3967.1,200,True,6,100.0,
2026-09-12T22:43:56+00:00,zenserp,navigational,minnesota department of health,1,1546.2,200,True,7,100.0,
2026-09-12T22:43:58+00:00,zenserp,navigational,minnesota department of health,2,1936.2,200,True,7,100.0,
2026-09-12T22:44:00+00:00,zenserp,navigational,smashing magazine,1,1449.7,200,True,6,100.0,
2026-09-12T22:44:01+00:00,zenserp,navigational,smashing magazine,2,1425.6,200,True,9,100.0,
2026-09-12T22:44:03+00:00,zenserp,informational_short,weather minneapolis,1,1492.7,200,True,10,100.0,
2026-09-12T22:44:06+00:00,zenserp,informational_short,weather minneapolis,2,2511.0,200,True,9,100.0,
2026-09-12T22:44:33+00:00,zenserp,informational_short,how tall is everest,1,26276.6,200,True,8,100.0,
2026-09-12T22:44:33+00:00,zenserp,informational_short,how tall is everest,2,254.9,500,False,0,0.0,HTTP 500: HTTP Error 500: Internal Server Error
2026-09-12T22:44:41+00:00,zenserp,informational_short,python string split,1,8192.2,200,False,8,87.5,
2026-09-12T22:44:45+00:00,zenserp,informational_short,python string split,2,3371.7,200,False,8,87.5,
2026-09-12T22:44:47+00:00,zenserp,informational_short,what time is it in japan,1,2018.4,200,True,10,100.0,
2026-09-12T22:44:48+00:00,zenserp,informational_short,what time is it in japan,2,1212.3,200,True,10,100.0,
2026-09-12T22:44:53+00:00,zenserp,local,coffee shop 55401,1,4387.5,200,True,9,100.0,
2026-09-12T22:44:56+00:00,zenserp,local,coffee shop 55401,2,2884.1,200,True,9,100.0,
2026-09-12T22:44:59+00:00,zenserp,local,hardware store near me,1,2450.4,200,True,9,100.0,
2026-09-12T22:45:00+00:00,zenserp,local,hardware store near me,2,1427.1,200,True,9,100.0,
2026-09-12T22:45:04+00:00,zenserp,local,plumber 55404,1,3252.5,200,True,9,100.0,
2026-09-12T22:45:26+00:00,zenserp,local,plumber 55404,2,22425.0,500,False,0,0.0,HTTP 500: HTTP Error 500: Internal Server Error
2026-09-12T22:45:53+00:00,zenserp,local,minneapolis tattoo shops,1,26501.7,200,True,8,100.0,
2026-09-12T22:45:56+00:00,zenserp,local,minneapolis tattoo shops,2,2150.1,200,True,8,100.0,
2026-09-12T22:45:59+00:00,zenserp,longtail_question,can you file taxes late without a penalty,1,2934.5,200,True,8,100.0,
2026-09-12T22:45:59+00:00,zenserp,longtail_question,can you file taxes late without a penalty,2,286.7,500,False,0,0.0,HTTP 500: HTTP Error 500: Internal Server Error
2026-09-12T22:46:00+00:00,zenserp,longtail_question,how long does a bank transfer take,1,255.9,500,False,0,0.0,HTTP 500: HTTP Error 500: Internal Server Error
2026-09-12T22:46:00+00:00,zenserp,longtail_question,how long does a bank transfer take,2,358.3,500,False,0,0.0,HTTP 500: HTTP Error 500: Internal Server Error
2026-09-12T22:46:01+00:00,zenserp,longtail_question,why is my mac fan so loud,1,223.8,500,False,0,0.0,HTTP 500: HTTP Error 500: Internal Server Error
2026-09-12T22:46:01+00:00,zenserp,longtail_question,why is my mac fan so loud,2,276.6,500,False,0,0.0,HTTP 500: HTTP Error 500: Internal Server Error
2026-09-12T22:46:02+00:00,zenserp,longtail_question,does cold weather kill car batteries,1,461.9,500,False,0,0.0,HTTP 500: HTTP Error 500: Internal Server Error
2026-09-12T22:46:05+00:00,zenserp,longtail_question,does cold weather kill car batteries,2,3250.3,500,False,0,0.0,HTTP 500: HTTP Error 500: Internal Server Error
2026-09-12T22:46:06+00:00,zenserp,shopping,best noise cancelling headphones under 200,1,282.5,500,False,0,0.0,HTTP 500: HTTP Error 500: Internal Server Error
2026-09-12T22:46:06+00:00,zenserp,shopping,best noise cancelling headphones under 200,2,246.2,500,False,0,0.0,HTTP 500: HTTP Error 500: Internal Server Error
2026-09-12T22:46:09+00:00,zenserp,shopping,standing desk under 400,1,2683.8,200,True,7,100.0,
2026-09-12T22:46:09+00:00,zenserp,shopping,standing desk under 400,2,217.3,500,False,0,0.0,HTTP 500: HTTP Error 500: Internal Server Error
2026-09-12T22:46:14+00:00,zenserp,shopping,best running shoes for flat feet,1,4347.3,200,True,9,100.0,
2026-09-12T22:46:15+00:00,zenserp,shopping,best running shoes for flat feet,2,1220.5,500,False,0,0.0,HTTP 500: HTTP Error 500: Internal Server Error
2026-09-12T22:46:16+00:00,zenserp,shopping,macbook air m3 price,1,313.5,500,False,0,0.0,HTTP 500: HTTP Error 500: Internal Server Error
2026-09-12T22:46:16+00:00,zenserp,shopping,macbook air m3 price,2,246.7,500,False,0,0.0,HTTP 500: HTTP Error 500: Internal Server Error
2026-09-12T22:48:58+00:00,scraperapi,navigational,apple inc,1,2389.7,200,True,8,100.0,
2026-09-12T22:49:00+00:00,scraperapi,navigational,apple inc,2,2478.6,200,True,8,100.0,
2026-09-12T22:49:06+00:00,scraperapi,navigational,github,1,5748.0,200,False,4,100.0,
2026-09-12T22:49:09+00:00,scraperapi,navigational,github,2,2501.1,200,False,4,100.0,
2026-09-12T22:49:16+00:00,scraperapi,navigational,minnesota department of health,1,7094.3,200,True,6,100.0,
2026-09-12T22:49:19+00:00,scraperapi,navigational,minnesota department of health,2,3014.9,200,True,6,100.0,
2026-09-12T22:49:21+00:00,scraperapi,navigational,smashing magazine,1,1693.4,200,True,9,100.0,
2026-09-12T22:49:26+00:00,scraperapi,navigational,smashing magazine,2,4469.6,200,True,8,100.0,
2026-09-12T22:49:35+00:00,scraperapi,informational_short,weather minneapolis,1,8922.9,200,True,10,100.0,
2026-09-12T22:49:53+00:00,scraperapi,informational_short,weather minneapolis,2,18059.1,200,True,9,100.0,
2026-09-12T22:49:56+00:00,scraperapi,informational_short,how tall is everest,1,1793.9,200,True,6,100.0,
2026-09-12T22:49:59+00:00,scraperapi,informational_short,how tall is everest,2,3218.1,200,True,6,100.0,
2026-09-12T22:50:02+00:00,scraperapi,informational_short,python string split,1,3349.5,200,True,8,100.0,
2026-09-12T22:50:05+00:00,scraperapi,informational_short,python string split,2,2711.6,200,True,8,100.0,
2026-09-12T22:50:07+00:00,scraperapi,informational_short,what time is it in japan,1,1579.5,200,True,10,100.0,
2026-09-12T22:50:14+00:00,scraperapi,informational_short,what time is it in japan,2,6574.5,200,True,10,100.0,
2026-09-12T22:50:23+00:00,scraperapi,local,coffee shop 55401,1,8403.1,200,True,8,100.0,
2026-09-12T22:50:24+00:00,scraperapi,local,coffee shop 55401,2,1863.2,200,True,9,100.0,
2026-09-12T22:50:29+00:00,scraperapi,local,hardware store near me,1,4131.0,200,True,9,100.0,
2026-09-12T22:50:32+00:00,scraperapi,local,hardware store near me,2,3350.4,200,True,9,100.0,
2026-09-12T22:50:35+00:00,scraperapi,local,plumber 55404,1,1919.5,200,True,9,100.0,
2026-09-12T22:50:44+00:00,scraperapi,local,plumber 55404,2,9456.7,200,True,9,100.0,
2026-09-12T22:50:52+00:00,scraperapi,local,minneapolis tattoo shops,1,7379.0,200,True,8,100.0,
2026-09-12T22:50:54+00:00,scraperapi,local,minneapolis tattoo shops,2,1811.2,200,True,9,100.0,
2026-09-12T22:50:56+00:00,scraperapi,longtail_question,can you file taxes late without a penalty,1,1568.2,200,True,7,100.0,
2026-09-12T22:51:05+00:00,scraperapi,longtail_question,can you file taxes late without a penalty,2,9240.8,200,True,7,100.0,
2026-09-12T22:51:10+00:00,scraperapi,longtail_question,how long does a bank transfer take,1,5128.5,200,True,8,100.0,
2026-09-12T22:51:16+00:00,scraperapi,longtail_question,how long does a bank transfer take,2,5768.4,200,True,8,100.0,
2026-09-12T22:51:47+00:00,scraperapi,longtail_question,why is my mac fan so loud,1,30103.3,0,False,0,0.0,HTTP 0: The read operation timed out
2026-09-12T22:51:49+00:00,scraperapi,longtail_question,why is my mac fan so loud,2,1999.8,200,True,8,100.0,
2026-09-12T22:51:51+00:00,scraperapi,longtail_question,does cold weather kill car batteries,1,1535.3,200,True,8,100.0,
2026-09-12T22:51:53+00:00,scraperapi,longtail_question,does cold weather kill car batteries,2,1868.5,200,True,8,100.0,
2026-09-12T22:51:56+00:00,scraperapi,shopping,best noise cancelling headphones under 200,1,3492.8,200,True,7,100.0,
2026-09-12T22:52:10+00:00,scraperapi,shopping,best noise cancelling headphones under 200,2,13165.9,200,True,7,100.0,
2026-09-12T22:52:16+00:00,scraperapi,shopping,standing desk under 400,1,5642.4,200,True,7,100.0,
2026-09-12T22:52:18+00:00,scraperapi,shopping,standing desk under 400,2,2574.1,200,True,8,100.0,
2026-09-12T22:52:39+00:00,scraperapi,shopping,best running shoes for flat feet,1,20193.6,200,True,9,100.0,
2026-09-12T22:52:42+00:00,scraperapi,shopping,best running shoes for flat feet,2,3145.1,200,True,9,100.0,
2026-09-12T22:52:45+00:00,scraperapi,shopping,macbook air m3 price,1,2741.4,200,True,7,100.0,
2026-09-12T22:52:48+00:00,scraperapi,shopping,macbook air m3 price,2,2338.7,200,True,7,100.0,
